{
  "instrument_name": "BTC-PERP",
  "currency": "BTC",
  "mark_price": 114395.74074652222,
  "index_price": 114366.3,
  "best_bid": 114376.2,
  "best_ask": 114420.0,
  "spread": 43.80000000000291,
  "spread_pct": 0.038288138801474116,
  "execution_prices": {
    "buy_small": 114420.0,
    "sell_small": 114376.2,
    "buy_medium": 114430.95,
    "sell_medium": 114365.25,
    "buy_large": 114441.9,
    "sell_large": 114354.29999999999
  },
  "funding_rate": 1.25e-05,
  "funding_rate_8h": 0.0001,
  "premium_index": 0.0002574250152555213,
  "interest_rate_8h": 0.0001,
  "funding_interval_hours": 1.0,
  "avg_funding_rate": 2.312819861111111e-05,
  "funding_rate_std": 2.3379301442806396e-05,
  "funding_rate_min": -0.000101728,
  "funding_rate_max": 0.000154719,
  "funding_rate_percentiles": {
    "5": 1.25e-05,
    "25": 1.25e-05,
    "50": 1.3391e-05,
    "75": 2.9103e-05,
    "95": 5.685539999999998e-05
  },
  "taker_fee": 0.0003,
  "maker_fee": 0.0001,
  "base_fee": 0.1,
  "tick_size": 0.1,
  "contract_size": 1.0,
  "is_active": true,
  "timestamp": "2025-09-11T12:03:39.982025",
  "funding_data_points": 720
}