{
  "instrument_name": "DOGE-PERP",
  "currency": "DOGE",
  "mark_price": 0.2479163744904499,
  "index_price": 0.24791,
  "best_bid": 0.24784,
  "best_ask": 0.24809,
  "spread": 0.0002500000000000002,
  "spread_pct": 0.10084045497754349,
  "execution_prices": {
    "buy_small": 0.24809,
    "sell_small": 0.24784,
    "buy_medium": 0.2481525,
    "sell_medium": 0.2477775,
    "buy_large": 0.24821500000000002,
    "sell_large": 0.24771500000000002
  },
  "funding_rate": 1.25e-05,
  "funding_rate_8h": 0.0001,
  "premium_index": 2.5712921826091504e-05,
  "interest_rate_8h": 0.0001,
  "funding_interval_hours": 1.0,
  "avg_funding_rate": 1.2500000000000002e-05,
  "funding_rate_std": 1.6940658945086007e-21,
  "funding_rate_min": 1.25e-05,
  "funding_rate_max": 1.25e-05,
  "funding_rate_percentiles": {
    "5": 1.25e-05,
    "25": 1.25e-05,
    "50": 1.25e-05,
    "75": 1.25e-05,
    "95": 1.25e-05
  },
  "taker_fee": 0.0003,
  "maker_fee": 0.0001,
  "base_fee": 0.1,
  "tick_size": 1e-05,
  "contract_size": 1.0,
  "is_active": true,
  "timestamp": "2025-09-11T12:03:41.977779",
  "funding_data_points": 717
}