{
  "instrument_name": "ETH-PERP",
  "currency": "ETH",
  "mark_price": 4423.34837689431,
  "index_price": 4422.08,
  "best_bid": 4422.15,
  "best_ask": 4424.52,
  "spread": 2.3700000000008004,
  "spread_pct": 0.05357932041664799,
  "execution_prices": {
    "buy_small": 4424.52,
    "sell_small": 4422.15,
    "buy_medium": 4425.112500000001,
    "sell_medium": 4421.557499999999,
    "buy_large": 4425.705000000001,
    "sell_large": 4420.964999999999
  },
  "funding_rate": 1.25e-05,
  "funding_rate_8h": 0.0001,
  "premium_index": 0.00028682812032115374,
  "interest_rate_8h": 0.0001,
  "funding_interval_hours": 1.0,
  "avg_funding_rate": 4.560600000000002e-06,
  "funding_rate_std": 2.3046069437192296e-05,
  "funding_rate_min": -0.000189729,
  "funding_rate_max": 0.000109591,
  "funding_rate_percentiles": {
    "5": -3.60806e-05,
    "25": 1.20125e-05,
    "50": 1.25e-05,
    "75": 1.25e-05,
    "95": 1.25e-05
  },
  "taker_fee": 0.0003,
  "maker_fee": 0.0001,
  "base_fee": 0.1,
  "tick_size": 0.01,
  "contract_size": 1.0,
  "is_active": true,
  "timestamp": "2025-09-11T12:03:37.240288",
  "funding_data_points": 720
}