{
  "instrument_name": "SOL-PERP",
  "currency": "SOL",
  "mark_price": 226.58132752982033,
  "index_price": 227.23,
  "best_bid": 225.13,
  "best_ask": 227.57,
  "spread": 2.4399999999999977,
  "spread_pct": 1.0768760279590426,
  "execution_prices": {
    "buy_small": 227.57,
    "sell_small": 225.13,
    "buy_medium": 228.18,
    "sell_medium": 224.51999999999998,
    "buy_large": 228.79,
    "sell_large": 223.91
  },
  "funding_rate": 1.25e-05,
  "funding_rate_8h": 0.0001,
  "premium_index": -0.002854695551554204,
  "interest_rate_8h": 0.0001,
  "funding_interval_hours": 1.0,
  "avg_funding_rate": 1.2111098611111116e-05,
  "funding_rate_std": 1.0878504435608491e-05,
  "funding_rate_min": -0.000279465,
  "funding_rate_max": 1.8478e-05,
  "funding_rate_percentiles": {
    "5": 1.25e-05,
    "25": 1.25e-05,
    "50": 1.25e-05,
    "75": 1.25e-05,
    "95": 1.25e-05
  },
  "taker_fee": 0.0003,
  "maker_fee": 0.0001,
  "base_fee": 0.1,
  "tick_size": 0.01,
  "contract_size": 1.0,
  "is_active": true,
  "timestamp": "2025-09-11T12:03:41.148604",
  "funding_data_points": 720
}