{
  "instrument_name": "XRP-PERP",
  "currency": "XRP",
  "mark_price": 3.0014026571195385,
  "index_price": 3.00079,
  "best_bid": 3.00043,
  "best_ask": 3.02702,
  "spread": 0.02658999999999967,
  "spread_pct": 0.8859191197464398,
  "execution_prices": {
    "buy_small": 3.02702,
    "sell_small": 3.00043,
    "buy_medium": 3.0336675,
    "sell_medium": 2.9937825,
    "buy_large": 3.0403149999999997,
    "sell_large": 2.9871350000000003
  },
  "funding_rate": 1.25e-05,
  "funding_rate_8h": 0.0001,
  "premium_index": 0.00020416527632344074,
  "interest_rate_8h": 0.0001,
  "funding_interval_hours": 1.0,
  "avg_funding_rate": 1.2500000000000002e-05,
  "funding_rate_std": 1.6940658945086007e-21,
  "funding_rate_min": 1.25e-05,
  "funding_rate_max": 1.25e-05,
  "funding_rate_percentiles": {
    "5": 1.25e-05,
    "25": 1.25e-05,
    "50": 1.25e-05,
    "75": 1.25e-05,
    "95": 1.25e-05
  },
  "taker_fee": 0.0003,
  "maker_fee": 0.0001,
  "base_fee": 0.1,
  "tick_size": 1e-05,
  "contract_size": 1.0,
  "is_active": true,
  "timestamp": "2025-09-11T12:03:38.155328",
  "funding_data_points": 694
}