{
  "instrument_name": "BTC-PERP",
  "currency": "BTC",
  "mark_price": 115509.47895229529,
  "index_price": 115503.0,
  "best_bid": 115500.1,
  "best_ask": 115536.2,
  "spread": 36.09999999999127,
  "spread_pct": 0.031252846370210315,
  "execution_prices": {
    "buy_small": 115536.2,
    "sell_small": 115500.1,
    "buy_medium": 115545.22499999999,
    "sell_medium": 115491.07500000001,
    "buy_large": 115554.25,
    "sell_large": 115482.05000000002
  },
  "funding_rate": 1.25e-05,
  "funding_rate_8h": 0.0001,
  "premium_index": 5.609336809686676e-05,
  "interest_rate_8h": 0.0001,
  "funding_interval_hours": 1.0,
  "avg_funding_rate": 2.358155215577191e-05,
  "funding_rate_std": 2.1225635858863346e-05,
  "funding_rate_min": 1.25e-05,
  "funding_rate_max": 0.000154719,
  "funding_rate_percentiles": {
    "5": 1.25e-05,
    "25": 1.25e-05,
    "50": 1.2639e-05,
    "75": 2.793e-05,
    "95": 5.687980000000001e-05
  },
  "taker_fee": 0.0003,
  "maker_fee": 0.0001,
  "base_fee": 0.1,
  "tick_size": 0.1,
  "contract_size": 1.0,
  "is_active": true,
  "timestamp": "2025-09-14T14:30:22.772514",
  "funding_data_points": 719
}