{
  "instrument_name": "ETH-PERP",
  "currency": "ETH",
  "mark_price": 4611.141036973723,
  "index_price": 4612.19,
  "best_bid": 4610.56,
  "best_ask": 4611.44,
  "spread": 0.8799999999991996,
  "spread_pct": 0.019084213493863134,
  "execution_prices": {
    "buy_small": 4611.44,
    "sell_small": 4610.56,
    "buy_medium": 4611.66,
    "sell_medium": 4610.34,
    "buy_large": 4611.879999999999,
    "sell_large": 4610.120000000001
  },
  "funding_rate": 1.25e-05,
  "funding_rate_8h": 0.0001,
  "premium_index": -0.00022743274372400026,
  "interest_rate_8h": 0.0001,
  "funding_interval_hours": 1.0,
  "avg_funding_rate": 7.159621359223303e-06,
  "funding_rate_std": 1.6230696111217455e-05,
  "funding_rate_min": -0.000143754,
  "funding_rate_max": 0.000109591,
  "funding_rate_percentiles": {
    "5": -2.4778e-05,
    "25": 1.25e-05,
    "50": 1.25e-05,
    "75": 1.25e-05,
    "95": 1.25e-05
  },
  "taker_fee": 0.0003,
  "maker_fee": 0.0001,
  "base_fee": 0.1,
  "tick_size": 0.01,
  "contract_size": 1.0,
  "is_active": true,
  "timestamp": "2025-09-14T14:30:27.036279",
  "funding_data_points": 721
}