{
  "instrument_name": "SOL-PERP",
  "currency": "SOL",
  "mark_price": 247.143902268937,
  "index_price": 246.94,
  "best_bid": 0.0,
  "best_ask": 247.31,
  "spread": null,
  "spread_pct": null,
  "execution_prices": {},
  "funding_rate": 1.25e-05,
  "funding_rate_8h": 0.0001,
  "premium_index": 0.0008257158376002845,
  "interest_rate_8h": 0.0001,
  "funding_interval_hours": 1.0,
  "avg_funding_rate": 1.2110015320334266e-05,
  "funding_rate_std": 1.089362562920846e-05,
  "funding_rate_min": -0.000279465,
  "funding_rate_max": 1.8478e-05,
  "funding_rate_percentiles": {
    "5": 1.25e-05,
    "25": 1.25e-05,
    "50": 1.25e-05,
    "75": 1.25e-05,
    "95": 1.25e-05
  },
  "taker_fee": 0.0003,
  "maker_fee": 0.0001,
  "base_fee": 0.1,
  "tick_size": 0.01,
  "contract_size": 1.0,
  "is_active": true,
  "timestamp": "2025-09-14T14:30:24.827902",
  "funding_data_points": 718
}