{
  "instrument_name": "XRP-PERP",
  "currency": "XRP",
  "mark_price": 3.043952850371386,
  "index_price": 3.04438,
  "best_bid": 3.04126,
  "best_ask": 3.04995,
  "spread": 0.008690000000000087,
  "spread_pct": 0.28548405402993804,
  "execution_prices": {
    "buy_small": 3.04995,
    "sell_small": 3.04126,
    "buy_medium": 3.0521225,
    "sell_medium": 3.0390875,
    "buy_large": 3.0542949999999998,
    "sell_large": 3.0369149999999996
  },
  "funding_rate": 1.25e-05,
  "funding_rate_8h": 0.0001,
  "premium_index": -0.00014030759255207191,
  "interest_rate_8h": 0.0001,
  "funding_interval_hours": 1.0,
  "avg_funding_rate": 1.25e-05,
  "funding_rate_std": 0.0,
  "funding_rate_min": 1.25e-05,
  "funding_rate_max": 1.25e-05,
  "funding_rate_percentiles": {
    "5": 1.25e-05,
    "25": 1.25e-05,
    "50": 1.25e-05,
    "75": 1.25e-05,
    "95": 1.25e-05
  },
  "taker_fee": 0.0003,
  "maker_fee": 0.0001,
  "base_fee": 0.1,
  "tick_size": 1e-05,
  "contract_size": 1.0,
  "is_active": true,
  "timestamp": "2025-09-14T14:30:20.398711",
  "funding_data_points": 685
}