{
  "instrument_name": "BTC-PERP",
  "currency": "BTC",
  "mark_price": 115947.11312926342,
  "index_price": 115944.9,
  "best_bid": 115934.0,
  "best_ask": 115969.7,
  "spread": 35.69999999999709,
  "spread_pct": 0.030789899840108145,
  "execution_prices": {
    "buy_small": 115969.7,
    "sell_small": 115934.0,
    "buy_medium": 115978.625,
    "sell_medium": 115925.075,
    "buy_large": 115987.54999999999,
    "sell_large": 115916.15
  },
  "funding_rate": 1.25e-05,
  "funding_rate_8h": 0.0001,
  "premium_index": 1.9087767236242707e-05,
  "interest_rate_8h": 0.0001,
  "funding_interval_hours": 1.0,
  "avg_funding_rate": 2.3918800835654597e-05,
  "funding_rate_std": 2.125680427371635e-05,
  "funding_rate_min": 1.25e-05,
  "funding_rate_max": 0.000154719,
  "funding_rate_percentiles": {
    "5": 1.25e-05,
    "25": 1.25e-05,
    "50": 1.3222500000000001e-05,
    "75": 2.90735e-05,
    "95": 5.690419999999999e-05
  },
  "taker_fee": 0.0003,
  "maker_fee": 0.0001,
  "base_fee": 0.1,
  "tick_size": 0.1,
  "contract_size": 1.0,
  "is_active": true,
  "timestamp": "2025-09-13T19:06:03.858755",
  "funding_data_points": 718
}