{
  "instrument_name": "DOGE-PERP",
  "currency": "DOGE",
  "mark_price": 0.2900429469147036,
  "index_price": 0.28999,
  "best_bid": 0.28963,
  "best_ask": 0.2901,
  "spread": 0.00047000000000002595,
  "spread_pct": 0.16204496782272884,
  "execution_prices": {
    "buy_small": 0.2901,
    "sell_small": 0.28963,
    "buy_medium": 0.2902175,
    "sell_medium": 0.2895125,
    "buy_large": 0.290335,
    "sell_large": 0.28939499999999996
  },
  "funding_rate": 1.25e-05,
  "funding_rate_8h": 0.0001,
  "premium_index": 0.00018258186386975,
  "interest_rate_8h": 0.0001,
  "funding_interval_hours": 1.0,
  "avg_funding_rate": 1.2500000000000002e-05,
  "funding_rate_std": 1.6940658945086007e-21,
  "funding_rate_min": 1.25e-05,
  "funding_rate_max": 1.25e-05,
  "funding_rate_percentiles": {
    "5": 1.25e-05,
    "25": 1.25e-05,
    "50": 1.25e-05,
    "75": 1.25e-05,
    "95": 1.25e-05
  },
  "taker_fee": 0.0003,
  "maker_fee": 0.0001,
  "base_fee": 0.1,
  "tick_size": 1e-05,
  "contract_size": 1.0,
  "is_active": true,
  "timestamp": "2025-09-13T19:06:06.517496",
  "funding_data_points": 707
}