{
  "instrument_name": "SOL-PERP",
  "currency": "SOL",
  "mark_price": 242.6521852612403,
  "index_price": 242.15,
  "best_bid": 241.95,
  "best_ask": 242.45,
  "spread": 0.5,
  "spread_pct": 0.20605625268187797,
  "execution_prices": {
    "buy_small": 242.45,
    "sell_small": 241.95,
    "buy_medium": 242.575,
    "sell_medium": 241.825,
    "buy_large": 242.7,
    "sell_large": 241.7
  },
  "funding_rate": 1.25e-05,
  "funding_rate_8h": 0.0001,
  "premium_index": 0.0020738602570320027,
  "interest_rate_8h": 0.0001,
  "funding_interval_hours": 1.0,
  "avg_funding_rate": 1.2108379020979022e-05,
  "funding_rate_std": 1.0916426116309615e-05,
  "funding_rate_min": -0.000279465,
  "funding_rate_max": 1.8478e-05,
  "funding_rate_percentiles": {
    "5": 1.25e-05,
    "25": 1.25e-05,
    "50": 1.25e-05,
    "75": 1.25e-05,
    "95": 1.25e-05
  },
  "taker_fee": 0.0003,
  "maker_fee": 0.0001,
  "base_fee": 0.1,
  "tick_size": 0.01,
  "contract_size": 1.0,
  "is_active": true,
  "timestamp": "2025-09-13T19:06:04.800884",
  "funding_data_points": 715
}