{
  "instrument_name": "XRP-PERP",
  "currency": "XRP",
  "mark_price": 3.1257759442824513,
  "index_price": 3.12474,
  "best_bid": 3.12323,
  "best_ask": 3.12764,
  "spread": 0.004410000000000025,
  "spread_pct": 0.14108496829616424,
  "execution_prices": {
    "buy_small": 3.12764,
    "sell_small": 3.12323,
    "buy_medium": 3.1287425,
    "sell_medium": 3.1221275,
    "buy_large": 3.129845,
    "sell_large": 3.121025
  },
  "funding_rate": 1.25e-05,
  "funding_rate_8h": 0.0001,
  "premium_index": 0.00033152975365990125,
  "interest_rate_8h": 0.0001,
  "funding_interval_hours": 1.0,
  "avg_funding_rate": 1.2500000000000002e-05,
  "funding_rate_std": 1.6940658945086007e-21,
  "funding_rate_min": 1.25e-05,
  "funding_rate_max": 1.25e-05,
  "funding_rate_percentiles": {
    "5": 1.25e-05,
    "25": 1.25e-05,
    "50": 1.25e-05,
    "75": 1.25e-05,
    "95": 1.25e-05
  },
  "taker_fee": 0.0003,
  "maker_fee": 0.0001,
  "base_fee": 0.1,
  "tick_size": 1e-05,
  "contract_size": 1.0,
  "is_active": true,
  "timestamp": "2025-09-13T19:06:05.681844",
  "funding_data_points": 697
}