{
  "instrument_name": "BTC-PERP",
  "currency": "BTC",
  "mark_price": 115929.47303983704,
  "index_price": 115893.6,
  "best_bid": 115892.7,
  "best_ask": 115951.3,
  "spread": 58.60000000000582,
  "spread_pct": 0.05054797409444706,
  "execution_prices": {
    "buy_small": 115951.3,
    "sell_small": 115892.7,
    "buy_medium": 115965.95000000001,
    "sell_medium": 115878.04999999999,
    "buy_large": 115980.6,
    "sell_large": 115863.4
  },
  "funding_rate": 1.25e-05,
  "funding_rate_8h": 0.0001,
  "premium_index": 0.0003095342610553038,
  "interest_rate_8h": 0.0001,
  "funding_interval_hours": 1.0,
  "avg_funding_rate": 2.312819861111111e-05,
  "funding_rate_std": 2.3379301442806393e-05,
  "funding_rate_min": -0.000101728,
  "funding_rate_max": 0.000154719,
  "funding_rate_percentiles": {
    "5": 1.25e-05,
    "25": 1.25e-05,
    "50": 1.3391e-05,
    "75": 2.9103e-05,
    "95": 5.685539999999998e-05
  },
  "taker_fee": 0.0003,
  "maker_fee": 0.0001,
  "base_fee": 0.1,
  "tick_size": 0.1,
  "contract_size": 1.0,
  "is_active": true,
  "timestamp": "2025-09-11T20:59:17.645961",
  "funding_data_points": 720
}