{
  "instrument_name": "DOGE-PERP",
  "currency": "DOGE",
  "mark_price": 0.26176391916279,
  "index_price": 0.26175,
  "best_bid": 0.26154,
  "best_ask": 0.26199,
  "spread": 0.00045000000000000595,
  "spread_pct": 0.17191062902758292,
  "execution_prices": {
    "buy_small": 0.26199,
    "sell_small": 0.26154,
    "buy_medium": 0.2621025,
    "sell_medium": 0.2614275,
    "buy_large": 0.262215,
    "sell_large": 0.26131499999999996
  },
  "funding_rate": 1.25e-05,
  "funding_rate_8h": 0.0001,
  "premium_index": 5.317731724940814e-05,
  "interest_rate_8h": 0.0001,
  "funding_interval_hours": 1.0,
  "avg_funding_rate": 1.2500000000000002e-05,
  "funding_rate_std": 1.6940658945086007e-21,
  "funding_rate_min": 1.25e-05,
  "funding_rate_max": 1.25e-05,
  "funding_rate_percentiles": {
    "5": 1.25e-05,
    "25": 1.25e-05,
    "50": 1.25e-05,
    "75": 1.25e-05,
    "95": 1.25e-05
  },
  "taker_fee": 0.0003,
  "maker_fee": 0.0001,
  "base_fee": 0.1,
  "tick_size": 1e-05,
  "contract_size": 1.0,
  "is_active": true,
  "timestamp": "2025-09-11T20:59:11.388873",
  "funding_data_points": 708
}