{
  "instrument_name": "ETH-PERP",
  "currency": "ETH",
  "mark_price": 4513.0431059434295,
  "index_price": 4512.47,
  "best_bid": 4512.12,
  "best_ask": 4516.29,
  "spread": 4.170000000000073,
  "spread_pct": 0.09239885155336568,
  "execution_prices": {
    "buy_small": 4516.29,
    "sell_small": 4512.12,
    "buy_medium": 4517.3325,
    "sell_medium": 4511.077499999999,
    "buy_large": 4518.375,
    "sell_large": 4510.035
  },
  "funding_rate": 1.25e-05,
  "funding_rate_8h": 0.0001,
  "premium_index": 0.00012700493154065395,
  "interest_rate_8h": 0.0001,
  "funding_interval_hours": 1.0,
  "avg_funding_rate": 5.6349153952843296e-06,
  "funding_rate_std": 2.023172816077467e-05,
  "funding_rate_min": -0.000189729,
  "funding_rate_max": 0.000109591,
  "funding_rate_percentiles": {
    "5": -3.2526e-05,
    "25": 1.2456e-05,
    "50": 1.25e-05,
    "75": 1.25e-05,
    "95": 1.25e-05
  },
  "taker_fee": 0.0003,
  "maker_fee": 0.0001,
  "base_fee": 0.1,
  "tick_size": 0.01,
  "contract_size": 1.0,
  "is_active": true,
  "timestamp": "2025-09-11T20:59:13.786428",
  "funding_data_points": 721
}