{
  "instrument_name": "SOL-PERP",
  "currency": "SOL",
  "mark_price": 233.01171062949865,
  "index_price": 232.94,
  "best_bid": 233.03,
  "best_ask": 233.14,
  "spread": 0.10999999999998522,
  "spread_pct": 0.047207927748700675,
  "execution_prices": {
    "buy_small": 233.14,
    "sell_small": 233.03,
    "buy_medium": 233.1675,
    "sell_medium": 233.0025,
    "buy_large": 233.195,
    "sell_large": 232.97500000000002
  },
  "funding_rate": 1.25e-05,
  "funding_rate_8h": 0.0001,
  "premium_index": 0.0003078502167882441,
  "interest_rate_8h": 0.0001,
  "funding_interval_hours": 1.0,
  "avg_funding_rate": 1.2111098611111113e-05,
  "funding_rate_std": 1.0878504435608491e-05,
  "funding_rate_min": -0.000279465,
  "funding_rate_max": 1.8478e-05,
  "funding_rate_percentiles": {
    "5": 1.25e-05,
    "25": 1.25e-05,
    "50": 1.25e-05,
    "75": 1.25e-05,
    "95": 1.25e-05
  },
  "taker_fee": 0.0003,
  "maker_fee": 0.0001,
  "base_fee": 0.1,
  "tick_size": 0.01,
  "contract_size": 1.0,
  "is_active": true,
  "timestamp": "2025-09-11T20:59:10.242849",
  "funding_data_points": 720
}