{
  "instrument_name": "XRP-PERP",
  "currency": "XRP",
  "mark_price": 3.0612436130706864,
  "index_price": 3.05734,
  "best_bid": 3.05758,
  "best_ask": 3.05982,
  "spread": 0.0022400000000000198,
  "spread_pct": 0.07317287622702821,
  "execution_prices": {
    "buy_small": 3.05982,
    "sell_small": 3.05758,
    "buy_medium": 3.0603800000000003,
    "sell_medium": 3.05702,
    "buy_large": 3.0609400000000004,
    "sell_large": 3.0564600000000004
  },
  "funding_rate": 1.25e-05,
  "funding_rate_8h": 0.0001,
  "premium_index": 0.0012768004444014827,
  "interest_rate_8h": 0.0001,
  "funding_interval_hours": 1.0,
  "avg_funding_rate": 1.25e-05,
  "funding_rate_std": 0.0,
  "funding_rate_min": 1.25e-05,
  "funding_rate_max": 1.25e-05,
  "funding_rate_percentiles": {
    "5": 1.25e-05,
    "25": 1.25e-05,
    "50": 1.25e-05,
    "75": 1.25e-05,
    "95": 1.25e-05
  },
  "taker_fee": 0.0003,
  "maker_fee": 0.0001,
  "base_fee": 0.1,
  "tick_size": 1e-05,
  "contract_size": 1.0,
  "is_active": true,
  "timestamp": "2025-09-11T20:59:15.068503",
  "funding_data_points": 703
}