{
  "instrument_name": "BTC-PERP",
  "currency": "BTC",
  "mark_price": 116601.88189571892,
  "index_price": 116611.8,
  "best_bid": 116580.6,
  "best_ask": 116613.3,
  "spread": 32.69999999999709,
  "spread_pct": 0.0280441442868322,
  "execution_prices": {
    "buy_small": 116613.3,
    "sell_small": 116580.6,
    "buy_medium": 116621.475,
    "sell_medium": 116572.425,
    "buy_large": 116629.65,
    "sell_large": 116564.25
  },
  "funding_rate": 1.25e-05,
  "funding_rate_8h": 0.0001,
  "premium_index": -8.50523213009444e-05,
  "interest_rate_8h": 0.0001,
  "funding_interval_hours": 1.0,
  "avg_funding_rate": 2.3523531944444444e-05,
  "funding_rate_std": 2.1230355728795543e-05,
  "funding_rate_min": 1.25e-05,
  "funding_rate_max": 0.000154719,
  "funding_rate_percentiles": {
    "5": 1.25e-05,
    "25": 1.25e-05,
    "50": 1.2536999999999999e-05,
    "75": 2.79215e-05,
    "95": 5.685539999999998e-05
  },
  "taker_fee": 0.0003,
  "maker_fee": 0.0001,
  "base_fee": 0.1,
  "tick_size": 0.1,
  "contract_size": 1.0,
  "is_active": true,
  "timestamp": "2025-09-16T21:18:29.218693",
  "funding_data_points": 720
}