{
  "instrument_name": "DOGE-PERP",
  "currency": "DOGE",
  "mark_price": 0.27009518194791365,
  "index_price": 0.26922,
  "best_bid": 0.26912,
  "best_ask": 0.2693,
  "spread": 0.00017999999999995797,
  "spread_pct": 0.06664317323315673,
  "execution_prices": {
    "buy_small": 0.2693,
    "sell_small": 0.26912,
    "buy_medium": 0.26934499999999995,
    "sell_medium": 0.26907500000000006,
    "buy_large": 0.26938999999999996,
    "sell_large": 0.26903000000000005
  },
  "funding_rate": 0.000193745678329434,
  "funding_rate_8h": 0.001549965426635472,
  "premium_index": 0.0032508058387699245,
  "interest_rate_8h": 0.0001,
  "funding_interval_hours": 1.0,
  "avg_funding_rate": 1.273442579750347e-05,
  "funding_rate_std": 5.244583195411478e-06,
  "funding_rate_min": 1.25e-05,
  "funding_rate_max": 0.000151501,
  "funding_rate_percentiles": {
    "5": 1.25e-05,
    "25": 1.25e-05,
    "50": 1.25e-05,
    "75": 1.25e-05,
    "95": 1.25e-05
  },
  "taker_fee": 0.0003,
  "maker_fee": 0.0001,
  "base_fee": 0.1,
  "tick_size": 1e-05,
  "contract_size": 1.0,
  "is_active": true,
  "timestamp": "2025-09-16T21:18:26.692071",
  "funding_data_points": 721
}