{
  "instrument_name": "SOL-PERP",
  "currency": "SOL",
  "mark_price": 235.5150352605305,
  "index_price": 236.28,
  "best_bid": 234.07,
  "best_ask": 236.62,
  "spread": 2.5500000000000114,
  "spread_pct": 1.0827334217448839,
  "execution_prices": {
    "buy_small": 236.62,
    "sell_small": 234.07,
    "buy_medium": 237.2575,
    "sell_medium": 233.4325,
    "buy_large": 237.895,
    "sell_large": 232.795
  },
  "funding_rate": 1.25e-05,
  "funding_rate_8h": 0.0001,
  "premium_index": -0.0032375348716331934,
  "interest_rate_8h": 0.0001,
  "funding_interval_hours": 1.0,
  "avg_funding_rate": 1.2108925977653634e-05,
  "funding_rate_std": 1.0908810054153171e-05,
  "funding_rate_min": -0.000279465,
  "funding_rate_max": 1.8478e-05,
  "funding_rate_percentiles": {
    "5": 1.25e-05,
    "25": 1.25e-05,
    "50": 1.25e-05,
    "75": 1.25e-05,
    "95": 1.25e-05
  },
  "taker_fee": 0.0003,
  "maker_fee": 0.0001,
  "base_fee": 0.1,
  "tick_size": 0.01,
  "contract_size": 1.0,
  "is_active": true,
  "timestamp": "2025-09-16T21:18:34.273104",
  "funding_data_points": 716
}