{
  "instrument_name": "XRP-PERP",
  "currency": "XRP",
  "mark_price": 3.041340498215619,
  "index_price": 3.04086,
  "best_bid": 3.03813,
  "best_ask": 3.04458,
  "spread": 0.006449999999999623,
  "spread_pct": 0.21207753632925658,
  "execution_prices": {
    "buy_small": 3.04458,
    "sell_small": 3.03813,
    "buy_medium": 3.0461924999999996,
    "sell_medium": 3.0365175000000004,
    "buy_large": 3.0478049999999994,
    "sell_large": 3.034905
  },
  "funding_rate": 1.25e-05,
  "funding_rate_8h": 0.0001,
  "premium_index": 0.00015801392225193482,
  "interest_rate_8h": 0.0001,
  "funding_interval_hours": 1.0,
  "avg_funding_rate": 1.25e-05,
  "funding_rate_std": 0.0,
  "funding_rate_min": 1.25e-05,
  "funding_rate_max": 1.25e-05,
  "funding_rate_percentiles": {
    "5": 1.25e-05,
    "25": 1.25e-05,
    "50": 1.25e-05,
    "75": 1.25e-05,
    "95": 1.25e-05
  },
  "taker_fee": 0.0003,
  "maker_fee": 0.0001,
  "base_fee": 0.1,
  "tick_size": 1e-05,
  "contract_size": 1.0,
  "is_active": true,
  "timestamp": "2025-09-16T21:18:30.300393",
  "funding_data_points": 678
}