{
  "instrument_name": "BTC-PERP",
  "currency": "BTC",
  "mark_price": 115940.70387056019,
  "index_price": 115939.0,
  "best_bid": 115927.3,
  "best_ask": 115954.9,
  "spread": 27.59999999999127,
  "spread_pct": 0.023805272073218364,
  "execution_prices": {
    "buy_small": 115954.9,
    "sell_small": 115927.3,
    "buy_medium": 115961.79999999999,
    "sell_medium": 115920.40000000001,
    "buy_large": 115968.69999999998,
    "sell_large": 115913.5
  },
  "funding_rate": 1.25e-05,
  "funding_rate_8h": 0.0001,
  "premium_index": 1.4696267521611186e-05,
  "interest_rate_8h": 0.0001,
  "funding_interval_hours": 1.0,
  "avg_funding_rate": 2.3885438280166438e-05,
  "funding_rate_std": 2.122991673267765e-05,
  "funding_rate_min": 1.25e-05,
  "funding_rate_max": 0.000154719,
  "funding_rate_percentiles": {
    "5": 1.25e-05,
    "25": 1.25e-05,
    "50": 1.3201e-05,
    "75": 2.9091e-05,
    "95": 5.6831e-05
  },
  "taker_fee": 0.0003,
  "maker_fee": 0.0001,
  "base_fee": 0.1,
  "tick_size": 0.1,
  "contract_size": 1.0,
  "is_active": true,
  "timestamp": "2025-09-13T19:45:27.557710",
  "funding_data_points": 721
}