{
  "instrument_name": "ETH-PERP",
  "currency": "ETH",
  "mark_price": 4661.304211417144,
  "index_price": 4662.46,
  "best_bid": 4660.62,
  "best_ask": 4662.71,
  "spread": 2.0900000000001455,
  "spread_pct": 0.04483723664465009,
  "execution_prices": {
    "buy_small": 4662.71,
    "sell_small": 4660.62,
    "buy_medium": 4663.2325,
    "sell_medium": 4660.0975,
    "buy_large": 4663.755,
    "sell_large": 4659.575
  },
  "funding_rate": 1.25e-05,
  "funding_rate_8h": 0.0001,
  "premium_index": -0.00024789243936807517,
  "interest_rate_8h": 0.0001,
  "funding_interval_hours": 1.0,
  "avg_funding_rate": 7.119276005547852e-06,
  "funding_rate_std": 1.623589480945312e-05,
  "funding_rate_min": -0.000143754,
  "funding_rate_max": 0.000109591,
  "funding_rate_percentiles": {
    "5": -2.4778e-05,
    "25": 1.25e-05,
    "50": 1.25e-05,
    "75": 1.25e-05,
    "95": 1.25e-05
  },
  "taker_fee": 0.0003,
  "maker_fee": 0.0001,
  "base_fee": 0.1,
  "tick_size": 0.01,
  "contract_size": 1.0,
  "is_active": true,
  "timestamp": "2025-09-13T19:45:23.779643",
  "funding_data_points": 721
}