{
  "instrument_name": "SOL-PERP",
  "currency": "SOL",
  "mark_price": 243.20056770543738,
  "index_price": 242.68,
  "best_bid": 242.17,
  "best_ask": 242.93,
  "spread": 0.7600000000000193,
  "spread_pct": 0.3124992705282355,
  "execution_prices": {
    "buy_small": 242.93,
    "sell_small": 242.17,
    "buy_medium": 243.12,
    "sell_medium": 241.98,
    "buy_large": 243.31,
    "sell_large": 241.78999999999996
  },
  "funding_rate": 1.25e-05,
  "funding_rate_8h": 0.0001,
  "premium_index": 0.0021450787268723105,
  "interest_rate_8h": 0.0001,
  "funding_interval_hours": 1.0,
  "avg_funding_rate": 1.2108379020979022e-05,
  "funding_rate_std": 1.0916426116309615e-05,
  "funding_rate_min": -0.000279465,
  "funding_rate_max": 1.8478e-05,
  "funding_rate_percentiles": {
    "5": 1.25e-05,
    "25": 1.25e-05,
    "50": 1.25e-05,
    "75": 1.25e-05,
    "95": 1.25e-05
  },
  "taker_fee": 0.0003,
  "maker_fee": 0.0001,
  "base_fee": 0.1,
  "tick_size": 0.01,
  "contract_size": 1.0,
  "is_active": true,
  "timestamp": "2025-09-13T19:45:25.709947",
  "funding_data_points": 715
}