{
  "instrument_name": "BTC-PERP",
  "currency": "BTC",
  "mark_price": 115521.89275368948,
  "index_price": 115513.8,
  "best_bid": 115505.6,
  "best_ask": 115540.4,
  "spread": 34.79999999998836,
  "spread_pct": 0.03012416016606249,
  "execution_prices": {
    "buy_small": 115540.4,
    "sell_small": 115505.6,
    "buy_medium": 115549.09999999999,
    "sell_medium": 115496.90000000001,
    "buy_large": 115557.79999999999,
    "sell_large": 115488.20000000001
  },
  "funding_rate": 1.25e-05,
  "funding_rate_8h": 0.0001,
  "premium_index": 7.005876085345814e-05,
  "interest_rate_8h": 0.0001,
  "funding_interval_hours": 1.0,
  "avg_funding_rate": 2.358155215577191e-05,
  "funding_rate_std": 2.1225635858863346e-05,
  "funding_rate_min": 1.25e-05,
  "funding_rate_max": 0.000154719,
  "funding_rate_percentiles": {
    "5": 1.25e-05,
    "25": 1.25e-05,
    "50": 1.2639e-05,
    "75": 2.793e-05,
    "95": 5.687980000000001e-05
  },
  "taker_fee": 0.0003,
  "maker_fee": 0.0001,
  "base_fee": 0.1,
  "tick_size": 0.1,
  "contract_size": 1.0,
  "is_active": true,
  "timestamp": "2025-09-14T14:20:10.665454",
  "funding_data_points": 719
}