{
  "instrument_name": "DOGE-PERP",
  "currency": "DOGE",
  "mark_price": 0.2793612827049504,
  "index_price": 0.27935,
  "best_bid": 0.27913,
  "best_ask": 0.27961,
  "spread": 0.00048000000000003595,
  "spread_pct": 0.17182051691357378,
  "execution_prices": {
    "buy_small": 0.27961,
    "sell_small": 0.27913,
    "buy_medium": 0.27973000000000003,
    "sell_medium": 0.27901,
    "buy_large": 0.27985000000000004,
    "sell_large": 0.27888999999999997
  },
  "funding_rate": 1.25e-05,
  "funding_rate_8h": 0.0001,
  "premium_index": 4.038913531567106e-05,
  "interest_rate_8h": 0.0001,
  "funding_interval_hours": 1.0,
  "avg_funding_rate": 1.2500000000000002e-05,
  "funding_rate_std": 1.6940658945086007e-21,
  "funding_rate_min": 1.25e-05,
  "funding_rate_max": 1.25e-05,
  "funding_rate_percentiles": {
    "5": 1.25e-05,
    "25": 1.25e-05,
    "50": 1.25e-05,
    "75": 1.25e-05,
    "95": 1.25e-05
  },
  "taker_fee": 0.0003,
  "maker_fee": 0.0001,
  "base_fee": 0.1,
  "tick_size": 1e-05,
  "contract_size": 1.0,
  "is_active": true,
  "timestamp": "2025-09-14T14:20:06.574077",
  "funding_data_points": 717
}