{
  "instrument_name": "ETH-PERP",
  "currency": "ETH",
  "mark_price": 4612.305204172411,
  "index_price": 4613.19,
  "best_bid": 4612.04,
  "best_ask": 4613.12,
  "spread": 1.0799999999999272,
  "spread_pct": 0.0234156230386257,
  "execution_prices": {
    "buy_small": 4613.12,
    "sell_small": 4612.04,
    "buy_medium": 4613.389999999999,
    "sell_medium": 4611.77,
    "buy_large": 4613.66,
    "sell_large": 4611.5
  },
  "funding_rate": 1.25e-05,
  "funding_rate_8h": 0.0001,
  "premium_index": -0.00019179696209960516,
  "interest_rate_8h": 0.0001,
  "funding_interval_hours": 1.0,
  "avg_funding_rate": 7.159621359223303e-06,
  "funding_rate_std": 1.6230696111217455e-05,
  "funding_rate_min": -0.000143754,
  "funding_rate_max": 0.000109591,
  "funding_rate_percentiles": {
    "5": -2.4778e-05,
    "25": 1.25e-05,
    "50": 1.25e-05,
    "75": 1.25e-05,
    "95": 1.25e-05
  },
  "taker_fee": 0.0003,
  "maker_fee": 0.0001,
  "base_fee": 0.1,
  "tick_size": 0.01,
  "contract_size": 1.0,
  "is_active": true,
  "timestamp": "2025-09-14T14:20:12.832006",
  "funding_data_points": 721
}