{
  "instrument_name": "XRP-PERP",
  "currency": "XRP",
  "mark_price": 3.047425733046131,
  "index_price": 3.04762,
  "best_bid": 3.04491,
  "best_ask": 3.04908,
  "spread": 0.004170000000000229,
  "spread_pct": 0.13683680474247362,
  "execution_prices": {
    "buy_small": 3.04908,
    "sell_small": 3.04491,
    "buy_medium": 3.0501225,
    "sell_medium": 3.0438674999999997,
    "buy_large": 3.051165,
    "sell_large": 3.0428249999999997
  },
  "funding_rate": 1.25e-05,
  "funding_rate_8h": 0.0001,
  "premium_index": -6.374382431840579e-05,
  "interest_rate_8h": 0.0001,
  "funding_interval_hours": 1.0,
  "avg_funding_rate": 1.25e-05,
  "funding_rate_std": 0.0,
  "funding_rate_min": 1.25e-05,
  "funding_rate_max": 1.25e-05,
  "funding_rate_percentiles": {
    "5": 1.25e-05,
    "25": 1.25e-05,
    "50": 1.25e-05,
    "75": 1.25e-05,
    "95": 1.25e-05
  },
  "taker_fee": 0.0003,
  "maker_fee": 0.0001,
  "base_fee": 0.1,
  "tick_size": 1e-05,
  "contract_size": 1.0,
  "is_active": true,
  "timestamp": "2025-09-14T14:20:07.595455",
  "funding_data_points": 685
}