{
  "instrument_name": "BTC-PERP",
  "currency": "BTC",
  "mark_price": 115385.57585271147,
  "index_price": 115391.8,
  "best_bid": 115364.9,
  "best_ask": 115397.1,
  "spread": 32.20000000001164,
  "spread_pct": 0.02790643437193105,
  "execution_prices": {
    "buy_small": 115397.1,
    "sell_small": 115364.9,
    "buy_medium": 115405.15000000001,
    "sell_medium": 115356.84999999999,
    "buy_large": 115413.20000000001,
    "sell_large": 115348.79999999999
  },
  "funding_rate": 1.25e-05,
  "funding_rate_8h": 0.0001,
  "premium_index": -5.393925121660453e-05,
  "interest_rate_8h": 0.0001,
  "funding_interval_hours": 1.0,
  "avg_funding_rate": 2.3508242718446605e-05,
  "funding_rate_std": 2.1219593988075212e-05,
  "funding_rate_min": 1.25e-05,
  "funding_rate_max": 0.000154719,
  "funding_rate_percentiles": {
    "5": 1.25e-05,
    "25": 1.25e-05,
    "50": 1.2518e-05,
    "75": 2.7913e-05,
    "95": 5.6831e-05
  },
  "taker_fee": 0.0003,
  "maker_fee": 0.0001,
  "base_fee": 0.1,
  "tick_size": 0.1,
  "contract_size": 1.0,
  "is_active": true,
  "timestamp": "2025-09-16T07:45:37.304185",
  "funding_data_points": 721
}