{
  "instrument_name": "DOGE-PERP",
  "currency": "DOGE",
  "mark_price": 0.2651084455033833,
  "index_price": 0.26516,
  "best_bid": 0.26505,
  "best_ask": 0.26528,
  "spread": 0.00023000000000000798,
  "spread_pct": 0.08675694942999193,
  "execution_prices": {
    "buy_small": 0.26528,
    "sell_small": 0.26505,
    "buy_medium": 0.2653375,
    "sell_medium": 0.2649925,
    "buy_large": 0.26539500000000005,
    "sell_large": 0.26493500000000003
  },
  "funding_rate": 1.25e-05,
  "funding_rate_8h": 0.0001,
  "premium_index": -0.00019442787983369066,
  "interest_rate_8h": 0.0001,
  "funding_interval_hours": 1.0,
  "avg_funding_rate": 1.25e-05,
  "funding_rate_std": 0.0,
  "funding_rate_min": 1.25e-05,
  "funding_rate_max": 1.25e-05,
  "funding_rate_percentiles": {
    "5": 1.25e-05,
    "25": 1.25e-05,
    "50": 1.25e-05,
    "75": 1.25e-05,
    "95": 1.25e-05
  },
  "taker_fee": 0.0003,
  "maker_fee": 0.0001,
  "base_fee": 0.1,
  "tick_size": 1e-05,
  "contract_size": 1.0,
  "is_active": true,
  "timestamp": "2025-09-16T07:45:39.521853",
  "funding_data_points": 690
}