{
  "instrument_name": "ETH-PERP",
  "currency": "ETH",
  "mark_price": 4502.174938811021,
  "index_price": 4502.93,
  "best_bid": 4500.99,
  "best_ask": 4502.85,
  "spread": 1.860000000000582,
  "spread_pct": 0.04131336576831884,
  "execution_prices": {
    "buy_small": 4502.85,
    "sell_small": 4500.99,
    "buy_medium": 4503.3150000000005,
    "sell_medium": 4500.525,
    "buy_large": 4503.780000000001,
    "sell_large": 4500.0599999999995
  },
  "funding_rate": 1.25e-05,
  "funding_rate_8h": 0.0001,
  "premium_index": -0.0001676821955880278,
  "interest_rate_8h": 0.0001,
  "funding_interval_hours": 1.0,
  "avg_funding_rate": 6.724416088765605e-06,
  "funding_rate_std": 1.7038691523279688e-05,
  "funding_rate_min": -0.000143754,
  "funding_rate_max": 0.000109591,
  "funding_rate_percentiles": {
    "5": -2.7819e-05,
    "25": 1.25e-05,
    "50": 1.25e-05,
    "75": 1.25e-05,
    "95": 1.25e-05
  },
  "taker_fee": 0.0003,
  "maker_fee": 0.0001,
  "base_fee": 0.1,
  "tick_size": 0.01,
  "contract_size": 1.0,
  "is_active": true,
  "timestamp": "2025-09-16T07:45:34.087338",
  "funding_data_points": 721
}