{
  "instrument_name": "SOL-PERP",
  "currency": "SOL",
  "mark_price": 234.901263352904,
  "index_price": 235.72,
  "best_bid": 233.51,
  "best_ask": 236.08,
  "spread": 2.5700000000000216,
  "spread_pct": 1.0940767041082198,
  "execution_prices": {
    "buy_small": 236.08,
    "sell_small": 233.51,
    "buy_medium": 236.72250000000003,
    "sell_medium": 232.86749999999998,
    "buy_large": 237.365,
    "sell_large": 232.22499999999997
  },
  "funding_rate": 1.25e-05,
  "funding_rate_8h": 0.0001,
  "premium_index": -0.0034733439975224364,
  "interest_rate_8h": 0.0001,
  "funding_interval_hours": 1.0,
  "avg_funding_rate": 1.2106728932584273e-05,
  "funding_rate_std": 1.0939370370074199e-05,
  "funding_rate_min": -0.000279465,
  "funding_rate_max": 1.8478e-05,
  "funding_rate_percentiles": {
    "5": 1.25e-05,
    "25": 1.25e-05,
    "50": 1.25e-05,
    "75": 1.25e-05,
    "95": 1.25e-05
  },
  "taker_fee": 0.0003,
  "maker_fee": 0.0001,
  "base_fee": 0.1,
  "tick_size": 0.01,
  "contract_size": 1.0,
  "is_active": true,
  "timestamp": "2025-09-16T07:45:35.112675",
  "funding_data_points": 712
}