{
  "instrument_name": "XRP-PERP",
  "currency": "XRP",
  "mark_price": 3.0303381781195204,
  "index_price": 3.03096,
  "best_bid": 3.0279,
  "best_ask": 3.03285,
  "spread": 0.00495000000000001,
  "spread_pct": 0.16334810536135402,
  "execution_prices": {
    "buy_small": 3.03285,
    "sell_small": 3.0279,
    "buy_medium": 3.0340875,
    "sell_medium": 3.0266624999999996,
    "buy_large": 3.035325,
    "sell_large": 3.025425
  },
  "funding_rate": 1.25e-05,
  "funding_rate_8h": 0.0001,
  "premium_index": -0.00020515674257642265,
  "interest_rate_8h": 0.0001,
  "funding_interval_hours": 1.0,
  "avg_funding_rate": 1.2500000000000002e-05,
  "funding_rate_std": 1.6940658945086007e-21,
  "funding_rate_min": 1.25e-05,
  "funding_rate_max": 1.25e-05,
  "funding_rate_percentiles": {
    "5": 1.25e-05,
    "25": 1.25e-05,
    "50": 1.25e-05,
    "75": 1.25e-05,
    "95": 1.25e-05
  },
  "taker_fee": 0.0003,
  "maker_fee": 0.0001,
  "base_fee": 0.1,
  "tick_size": 1e-05,
  "contract_size": 1.0,
  "is_active": true,
  "timestamp": "2025-09-16T07:45:38.410770",
  "funding_data_points": 682
}