{
  "instrument_name": "DOGE-PERP",
  "currency": "DOGE",
  "mark_price": 0.287760841750133,
  "index_price": 0.28773,
  "best_bid": 0.28752,
  "best_ask": 0.28802,
  "spread": 0.0005000000000000004,
  "spread_pct": 0.17375539943483967,
  "execution_prices": {
    "buy_small": 0.28802,
    "sell_small": 0.28752,
    "buy_medium": 0.288145,
    "sell_medium": 0.287395,
    "buy_large": 0.28827,
    "sell_large": 0.28727
  },
  "funding_rate": 1.25e-05,
  "funding_rate_8h": 0.0001,
  "premium_index": 0.00010718990071600088,
  "interest_rate_8h": 0.0001,
  "funding_interval_hours": 1.0,
  "avg_funding_rate": 1.2500000000000002e-05,
  "funding_rate_std": 1.6940658945086007e-21,
  "funding_rate_min": 1.25e-05,
  "funding_rate_max": 1.25e-05,
  "funding_rate_percentiles": {
    "5": 1.25e-05,
    "25": 1.25e-05,
    "50": 1.25e-05,
    "75": 1.25e-05,
    "95": 1.25e-05
  },
  "taker_fee": 0.0003,
  "maker_fee": 0.0001,
  "base_fee": 0.1,
  "tick_size": 1e-05,
  "contract_size": 1.0,
  "is_active": true,
  "timestamp": "2025-09-13T20:20:10.530219",
  "funding_data_points": 707
}