{
  "instrument_name": "ETH-PERP",
  "currency": "ETH",
  "mark_price": 4675.979535117521,
  "index_price": 4677.09,
  "best_bid": 4674.79,
  "best_ask": 4677.05,
  "spread": 2.2600000000002183,
  "spread_pct": 0.048332119142677515,
  "execution_prices": {
    "buy_small": 4677.05,
    "sell_small": 4674.79,
    "buy_medium": 4677.615,
    "sell_medium": 4674.225,
    "buy_large": 4678.18,
    "sell_large": 4673.66
  },
  "funding_rate": 1.25e-05,
  "funding_rate_8h": 0.0001,
  "premium_index": -0.0002374264515926337,
  "interest_rate_8h": 0.0001,
  "funding_interval_hours": 1.0,
  "avg_funding_rate": 7.111802777777781e-06,
  "funding_rate_std": 1.6245926569279965e-05,
  "funding_rate_min": -0.000143754,
  "funding_rate_max": 0.000109591,
  "funding_rate_percentiles": {
    "5": -2.4812599999999997e-05,
    "25": 1.25e-05,
    "50": 1.25e-05,
    "75": 1.25e-05,
    "95": 1.25e-05
  },
  "taker_fee": 0.0003,
  "maker_fee": 0.0001,
  "base_fee": 0.1,
  "tick_size": 0.01,
  "contract_size": 1.0,
  "is_active": true,
  "timestamp": "2025-09-13T20:20:13.824982",
  "funding_data_points": 720
}