{
  "instrument_name": "XRP-PERP",
  "currency": "XRP",
  "mark_price": 3.118492983106022,
  "index_price": 3.11844,
  "best_bid": 3.11598,
  "best_ask": 3.1241,
  "spread": 0.008119999999999905,
  "spread_pct": 0.26038217959728666,
  "execution_prices": {
    "buy_small": 3.1241,
    "sell_small": 3.11598,
    "buy_medium": 3.12613,
    "sell_medium": 3.11395,
    "buy_large": 3.12816,
    "sell_large": 3.11192
  },
  "funding_rate": 1.25e-05,
  "funding_rate_8h": 0.0001,
  "premium_index": 1.6990259880609035e-05,
  "interest_rate_8h": 0.0001,
  "funding_interval_hours": 1.0,
  "avg_funding_rate": 1.2500000000000002e-05,
  "funding_rate_std": 1.6940658945086007e-21,
  "funding_rate_min": 1.25e-05,
  "funding_rate_max": 1.25e-05,
  "funding_rate_percentiles": {
    "5": 1.25e-05,
    "25": 1.25e-05,
    "50": 1.25e-05,
    "75": 1.25e-05,
    "95": 1.25e-05
  },
  "taker_fee": 0.0003,
  "maker_fee": 0.0001,
  "base_fee": 0.1,
  "tick_size": 1e-05,
  "contract_size": 1.0,
  "is_active": true,
  "timestamp": "2025-09-13T20:20:16.507878",
  "funding_data_points": 697
}