{
  "instrument_name": "BTC-PERP",
  "currency": "BTC",
  "mark_price": 116566.2975156325,
  "index_price": 116554.6,
  "best_bid": 116547.9,
  "best_ask": 116589.6,
  "spread": 41.70000000001164,
  "spread_pct": 0.03577363345045709,
  "execution_prices": {
    "buy_small": 116589.6,
    "sell_small": 116547.9,
    "buy_medium": 116600.02500000001,
    "sell_medium": 116537.47499999999,
    "buy_large": 116610.45000000001,
    "sell_large": 116527.04999999999
  },
  "funding_rate": 1.25e-05,
  "funding_rate_8h": 0.0001,
  "premium_index": 0.00010036082344662123,
  "interest_rate_8h": 0.0001,
  "funding_interval_hours": 1.0,
  "avg_funding_rate": 2.3508242718446605e-05,
  "funding_rate_std": 2.1219593988075212e-05,
  "funding_rate_min": 1.25e-05,
  "funding_rate_max": 0.000154719,
  "funding_rate_percentiles": {
    "5": 1.25e-05,
    "25": 1.25e-05,
    "50": 1.2518e-05,
    "75": 2.7913e-05,
    "95": 5.6831e-05
  },
  "taker_fee": 0.0003,
  "maker_fee": 0.0001,
  "base_fee": 0.1,
  "tick_size": 0.1,
  "contract_size": 1.0,
  "is_active": true,
  "timestamp": "2025-09-16T15:04:57.795959",
  "funding_data_points": 721
}