{
  "instrument_name": "DOGE-PERP",
  "currency": "DOGE",
  "mark_price": 0.2679394973404445,
  "index_price": 0.26795,
  "best_bid": 0.26783,
  "best_ask": 0.26805,
  "spread": 0.00021999999999999797,
  "spread_pct": 0.08210808864826134,
  "execution_prices": {
    "buy_small": 0.26805,
    "sell_small": 0.26783,
    "buy_medium": 0.26810500000000004,
    "sell_medium": 0.267775,
    "buy_large": 0.26816,
    "sell_large": 0.26772
  },
  "funding_rate": 1.25e-05,
  "funding_rate_8h": 0.0001,
  "premium_index": -3.919634094250657e-05,
  "interest_rate_8h": 0.0001,
  "funding_interval_hours": 1.0,
  "avg_funding_rate": 1.25e-05,
  "funding_rate_std": 0.0,
  "funding_rate_min": 1.25e-05,
  "funding_rate_max": 1.25e-05,
  "funding_rate_percentiles": {
    "5": 1.25e-05,
    "25": 1.25e-05,
    "50": 1.25e-05,
    "75": 1.25e-05,
    "95": 1.25e-05
  },
  "taker_fee": 0.0003,
  "maker_fee": 0.0001,
  "base_fee": 0.1,
  "tick_size": 1e-05,
  "contract_size": 1.0,
  "is_active": true,
  "timestamp": "2025-09-16T15:04:50.023220",
  "funding_data_points": 690
}