{
  "instrument_name": "ETH-PERP",
  "currency": "ETH",
  "mark_price": 4476.368041853151,
  "index_price": 4477.28,
  "best_bid": 4476.11,
  "best_ask": 4478.31,
  "spread": 2.2000000000007276,
  "spread_pct": 0.049146986562122796,
  "execution_prices": {
    "buy_small": 4478.31,
    "sell_small": 4476.11,
    "buy_medium": 4478.860000000001,
    "sell_medium": 4475.5599999999995,
    "buy_large": 4479.410000000001,
    "sell_large": 4475.009999999999
  },
  "funding_rate": 1.25e-05,
  "funding_rate_8h": 0.0001,
  "premium_index": -0.0002036857526999695,
  "interest_rate_8h": 0.0001,
  "funding_interval_hours": 1.0,
  "avg_funding_rate": 6.72701941747573e-06,
  "funding_rate_std": 1.7039551694016152e-05,
  "funding_rate_min": -0.000143754,
  "funding_rate_max": 0.000109591,
  "funding_rate_percentiles": {
    "5": -2.7819e-05,
    "25": 1.25e-05,
    "50": 1.25e-05,
    "75": 1.25e-05,
    "95": 1.25e-05
  },
  "taker_fee": 0.0003,
  "maker_fee": 0.0001,
  "base_fee": 0.1,
  "tick_size": 0.01,
  "contract_size": 1.0,
  "is_active": true,
  "timestamp": "2025-09-16T15:04:52.968310",
  "funding_data_points": 721
}