{
  "instrument_name": "SOL-PERP",
  "currency": "SOL",
  "mark_price": 236.9115298958053,
  "index_price": 237.69,
  "best_bid": 237.78,
  "best_ask": 238.02,
  "spread": 0.2400000000000091,
  "spread_pct": 0.10130363858000585,
  "execution_prices": {
    "buy_small": 238.02,
    "sell_small": 237.78,
    "buy_medium": 238.08,
    "sell_medium": 237.72,
    "buy_large": 238.14000000000001,
    "sell_large": 237.66
  },
  "funding_rate": 1.25e-05,
  "funding_rate_8h": 0.0001,
  "premium_index": -0.0032751487407745214,
  "interest_rate_8h": 0.0001,
  "funding_interval_hours": 1.0,
  "avg_funding_rate": 1.2109471408647144e-05,
  "funding_rate_std": 1.0901209910244004e-05,
  "funding_rate_min": -0.000279465,
  "funding_rate_max": 1.8478e-05,
  "funding_rate_percentiles": {
    "5": 1.25e-05,
    "25": 1.25e-05,
    "50": 1.25e-05,
    "75": 1.25e-05,
    "95": 1.25e-05
  },
  "taker_fee": 0.0003,
  "maker_fee": 0.0001,
  "base_fee": 0.1,
  "tick_size": 0.01,
  "contract_size": 1.0,
  "is_active": true,
  "timestamp": "2025-09-16T15:04:55.268242",
  "funding_data_points": 717
}