{
  "instrument_name": "XRP-PERP",
  "currency": "XRP",
  "mark_price": 3.0416170809892518,
  "index_price": 3.04188,
  "best_bid": 3.03942,
  "best_ask": 3.04627,
  "spread": 0.006850000000000023,
  "spread_pct": 0.22520915084327897,
  "execution_prices": {
    "buy_small": 3.04627,
    "sell_small": 3.03942,
    "buy_medium": 3.0479825,
    "sell_medium": 3.0377075,
    "buy_large": 3.049695,
    "sell_large": 3.0359949999999998
  },
  "funding_rate": 1.25e-05,
  "funding_rate_8h": 0.0001,
  "premium_index": -8.643306466663797e-05,
  "interest_rate_8h": 0.0001,
  "funding_interval_hours": 1.0,
  "avg_funding_rate": 1.2500000000000002e-05,
  "funding_rate_std": 1.6940658945086007e-21,
  "funding_rate_min": 1.25e-05,
  "funding_rate_max": 1.25e-05,
  "funding_rate_percentiles": {
    "5": 1.25e-05,
    "25": 1.25e-05,
    "50": 1.25e-05,
    "75": 1.25e-05,
    "95": 1.25e-05
  },
  "taker_fee": 0.0003,
  "maker_fee": 0.0001,
  "base_fee": 0.1,
  "tick_size": 1e-05,
  "contract_size": 1.0,
  "is_active": true,
  "timestamp": "2025-09-16T15:04:53.984255",
  "funding_data_points": 682
}