{
  "instrument_name": "SOL-PERP",
  "currency": "SOL",
  "mark_price": 233.23930861331093,
  "index_price": 234.13,
  "best_bid": 232.21,
  "best_ask": 234.47,
  "spread": 2.259999999999991,
  "spread_pct": 0.9689618844424122,
  "execution_prices": {
    "buy_small": 234.47,
    "sell_small": 232.21,
    "buy_medium": 235.035,
    "sell_medium": 231.645,
    "buy_large": 235.6,
    "sell_large": 231.08
  },
  "funding_rate": 1.25e-05,
  "funding_rate_8h": 0.0001,
  "premium_index": -0.0038042599696282856,
  "interest_rate_8h": 0.0001,
  "funding_interval_hours": 1.0,
  "avg_funding_rate": 1.2105621126760565e-05,
  "funding_rate_std": 1.095474715794405e-05,
  "funding_rate_min": -0.000279465,
  "funding_rate_max": 1.8478e-05,
  "funding_rate_percentiles": {
    "5": 1.25e-05,
    "25": 1.25e-05,
    "50": 1.25e-05,
    "75": 1.25e-05,
    "95": 1.25e-05
  },
  "taker_fee": 0.0003,
  "maker_fee": 0.0001,
  "base_fee": 0.1,
  "tick_size": 0.01,
  "contract_size": 1.0,
  "is_active": true,
  "timestamp": "2025-09-17T07:53:15.994961",
  "funding_data_points": 710
}