{
  "instrument_name": "XRP-PERP",
  "currency": "XRP",
  "mark_price": 3.009792363826321,
  "index_price": 3.01032,
  "best_bid": 3.00795,
  "best_ask": 3.01471,
  "spread": 0.006759999999999877,
  "spread_pct": 0.22460021100611577,
  "execution_prices": {
    "buy_small": 3.01471,
    "sell_small": 3.00795,
    "buy_medium": 3.0164,
    "sell_medium": 3.00626,
    "buy_large": 3.01809,
    "sell_large": 3.00457
  },
  "funding_rate": 1.25e-05,
  "funding_rate_8h": 0.0001,
  "premium_index": -0.0001752757758906075,
  "interest_rate_8h": 0.0001,
  "funding_interval_hours": 1.0,
  "avg_funding_rate": 1.2500000000000004e-05,
  "funding_rate_std": 3.3881317890172014e-21,
  "funding_rate_min": 1.25e-05,
  "funding_rate_max": 1.25e-05,
  "funding_rate_percentiles": {
    "5": 1.25e-05,
    "25": 1.25e-05,
    "50": 1.25e-05,
    "75": 1.25e-05,
    "95": 1.25e-05
  },
  "taker_fee": 0.0003,
  "maker_fee": 0.0001,
  "base_fee": 0.1,
  "tick_size": 1e-05,
  "contract_size": 1.0,
  "is_active": true,
  "timestamp": "2025-09-17T07:53:09.686242",
  "funding_data_points": 641
}