{
  "instrument_name": "BTC-PERP",
  "currency": "BTC",
  "mark_price": 115878.85225989399,
  "index_price": 115869.9,
  "best_bid": 115864.8,
  "best_ask": 115897.0,
  "spread": 32.19999999999709,
  "spread_pct": 0.027787641465224975,
  "execution_prices": {
    "buy_small": 115897.0,
    "sell_small": 115864.8,
    "buy_medium": 115905.05,
    "sell_medium": 115856.75,
    "buy_large": 115913.1,
    "sell_large": 115848.70000000001
  },
  "funding_rate": 1.25e-05,
  "funding_rate_8h": 0.0001,
  "premium_index": 7.726130681043808e-05,
  "interest_rate_8h": 0.0001,
  "funding_interval_hours": 1.0,
  "avg_funding_rate": 2.3855911111111112e-05,
  "funding_rate_std": 2.125494086763224e-05,
  "funding_rate_min": 1.25e-05,
  "funding_rate_max": 0.000154719,
  "funding_rate_percentiles": {
    "5": 1.25e-05,
    "25": 1.25e-05,
    "50": 1.3012500000000001e-05,
    "75": 2.90385e-05,
    "95": 5.685539999999998e-05
  },
  "taker_fee": 0.0003,
  "maker_fee": 0.0001,
  "base_fee": 0.1,
  "tick_size": 0.1,
  "contract_size": 1.0,
  "is_active": true,
  "timestamp": "2025-09-13T21:29:43.631486",
  "funding_data_points": 720
}