{
  "instrument_name": "ETH-PERP",
  "currency": "ETH",
  "mark_price": 4660.780690654294,
  "index_price": 4661.78,
  "best_bid": 4659.53,
  "best_ask": 4662.04,
  "spread": 2.5100000000002183,
  "spread_pct": 0.05385363883422409,
  "execution_prices": {
    "buy_small": 4662.04,
    "sell_small": 4659.53,
    "buy_medium": 4662.6675,
    "sell_medium": 4658.9025,
    "buy_large": 4663.295,
    "sell_large": 4658.275
  },
  "funding_rate": 1.25e-05,
  "funding_rate_8h": 0.0001,
  "premium_index": -0.00021436218476762612,
  "interest_rate_8h": 0.0001,
  "funding_interval_hours": 1.0,
  "avg_funding_rate": 7.111802777777781e-06,
  "funding_rate_std": 1.6245926569279965e-05,
  "funding_rate_min": -0.000143754,
  "funding_rate_max": 0.000109591,
  "funding_rate_percentiles": {
    "5": -2.4812599999999997e-05,
    "25": 1.25e-05,
    "50": 1.25e-05,
    "75": 1.25e-05,
    "95": 1.25e-05
  },
  "taker_fee": 0.0003,
  "maker_fee": 0.0001,
  "base_fee": 0.1,
  "tick_size": 0.01,
  "contract_size": 1.0,
  "is_active": true,
  "timestamp": "2025-09-13T21:29:38.819050",
  "funding_data_points": 720
}