{
  "instrument_name": "XRP-PERP",
  "currency": "XRP",
  "mark_price": 3.0989509889779696,
  "index_price": 3.09717,
  "best_bid": 3.09459,
  "best_ask": 3.09963,
  "spread": 0.005039999999999711,
  "spread_pct": 0.16263567955496766,
  "execution_prices": {
    "buy_small": 3.09963,
    "sell_small": 3.09459,
    "buy_medium": 3.1008899999999997,
    "sell_medium": 3.0933300000000004,
    "buy_large": 3.10215,
    "sell_large": 3.0920700000000005
  },
  "funding_rate": 1.25e-05,
  "funding_rate_8h": 0.0001,
  "premium_index": 0.0005750375271520165,
  "interest_rate_8h": 0.0001,
  "funding_interval_hours": 1.0,
  "avg_funding_rate": 1.2500000000000002e-05,
  "funding_rate_std": 1.6940658945086007e-21,
  "funding_rate_min": 1.25e-05,
  "funding_rate_max": 1.25e-05,
  "funding_rate_percentiles": {
    "5": 1.25e-05,
    "25": 1.25e-05,
    "50": 1.25e-05,
    "75": 1.25e-05,
    "95": 1.25e-05
  },
  "taker_fee": 0.0003,
  "maker_fee": 0.0001,
  "base_fee": 0.1,
  "tick_size": 1e-05,
  "contract_size": 1.0,
  "is_active": true,
  "timestamp": "2025-09-13T21:29:41.046723",
  "funding_data_points": 697
}