{
  "instrument_name": "BTC-PERP",
  "currency": "BTC",
  "mark_price": 115229.82929015633,
  "index_price": 115244.6,
  "best_bid": 115206.8,
  "best_ask": 115243.9,
  "spread": 37.09999999999127,
  "spread_pct": 0.03219652431018623,
  "execution_prices": {
    "buy_small": 115243.9,
    "sell_small": 115206.8,
    "buy_medium": 115253.17499999999,
    "sell_medium": 115197.52500000001,
    "buy_large": 115262.44999999998,
    "sell_large": 115188.25
  },
  "funding_rate": 1.25e-05,
  "funding_rate_8h": 0.0001,
  "premium_index": -0.0001281683466616256,
  "interest_rate_8h": 0.0001,
  "funding_interval_hours": 1.0,
  "avg_funding_rate": 2.3523531944444448e-05,
  "funding_rate_std": 2.1230355728795543e-05,
  "funding_rate_min": 1.25e-05,
  "funding_rate_max": 0.000154719,
  "funding_rate_percentiles": {
    "5": 1.25e-05,
    "25": 1.25e-05,
    "50": 1.2536999999999999e-05,
    "75": 2.79215e-05,
    "95": 5.685539999999998e-05
  },
  "taker_fee": 0.0003,
  "maker_fee": 0.0001,
  "base_fee": 0.1,
  "tick_size": 0.1,
  "contract_size": 1.0,
  "is_active": true,
  "timestamp": "2025-09-15T21:08:08.236711",
  "funding_data_points": 720
}