{
  "instrument_name": "DOGE-PERP",
  "currency": "DOGE",
  "mark_price": 0.2677127757438822,
  "index_price": 0.26779,
  "best_bid": 0.2676,
  "best_ask": 0.26783,
  "spread": 0.00023000000000000798,
  "spread_pct": 0.08591297122855518,
  "execution_prices": {
    "buy_small": 0.26783,
    "sell_small": 0.2676,
    "buy_medium": 0.2678875,
    "sell_medium": 0.2675425,
    "buy_large": 0.267945,
    "sell_large": 0.267485
  },
  "funding_rate": 1.25e-05,
  "funding_rate_8h": 0.0001,
  "premium_index": -0.0002883761758011147,
  "interest_rate_8h": 0.0001,
  "funding_interval_hours": 1.0,
  "avg_funding_rate": 1.2500000000000002e-05,
  "funding_rate_std": 1.6940658945086007e-21,
  "funding_rate_min": 1.25e-05,
  "funding_rate_max": 1.25e-05,
  "funding_rate_percentiles": {
    "5": 1.25e-05,
    "25": 1.25e-05,
    "50": 1.25e-05,
    "75": 1.25e-05,
    "95": 1.25e-05
  },
  "taker_fee": 0.0003,
  "maker_fee": 0.0001,
  "base_fee": 0.1,
  "tick_size": 1e-05,
  "contract_size": 1.0,
  "is_active": true,
  "timestamp": "2025-09-15T21:08:04.140027",
  "funding_data_points": 712
}