{
  "instrument_name": "ETH-PERP",
  "currency": "ETH",
  "mark_price": 4523.957763647678,
  "index_price": 4525.07,
  "best_bid": 4522.83,
  "best_ask": 4524.96,
  "spread": 2.130000000000109,
  "spread_pct": 0.04708266768349944,
  "execution_prices": {
    "buy_small": 4524.96,
    "sell_small": 4522.83,
    "buy_medium": 4525.4925,
    "sell_medium": 4522.2975,
    "buy_large": 4526.025,
    "sell_large": 4521.764999999999
  },
  "funding_rate": 1.25e-05,
  "funding_rate_8h": 0.0001,
  "premium_index": -0.00024579428656834384,
  "interest_rate_8h": 0.0001,
  "funding_interval_hours": 1.0,
  "avg_funding_rate": 6.704980555555558e-06,
  "funding_rate_std": 1.704658307109146e-05,
  "funding_rate_min": -0.000143754,
  "funding_rate_max": 0.000109591,
  "funding_rate_percentiles": {
    "5": -2.7827449999999997e-05,
    "25": 1.25e-05,
    "50": 1.25e-05,
    "75": 1.25e-05,
    "95": 1.25e-05
  },
  "taker_fee": 0.0003,
  "maker_fee": 0.0001,
  "base_fee": 0.1,
  "tick_size": 0.01,
  "contract_size": 1.0,
  "is_active": true,
  "timestamp": "2025-09-15T21:08:11.409994",
  "funding_data_points": 720
}