{
  "instrument_name": "SOL-PERP",
  "currency": "SOL",
  "mark_price": 233.98503083337226,
  "index_price": 234.81,
  "best_bid": 233.02,
  "best_ask": 235.17,
  "spread": 2.1499999999999773,
  "spread_pct": 0.9188621991511313,
  "execution_prices": {
    "buy_small": 235.17,
    "sell_small": 233.02,
    "buy_medium": 235.70749999999998,
    "sell_medium": 232.48250000000002,
    "buy_large": 236.24499999999998,
    "sell_large": 231.94500000000002
  },
  "funding_rate": 1.25e-05,
  "funding_rate_8h": 0.0001,
  "premium_index": -0.0035133476710009735,
  "interest_rate_8h": 0.0001,
  "funding_interval_hours": 1.0,
  "avg_funding_rate": 1.2110015320334266e-05,
  "funding_rate_std": 1.0893625629208457e-05,
  "funding_rate_min": -0.000279465,
  "funding_rate_max": 1.8478e-05,
  "funding_rate_percentiles": {
    "5": 1.25e-05,
    "25": 1.25e-05,
    "50": 1.25e-05,
    "75": 1.25e-05,
    "95": 1.25e-05
  },
  "taker_fee": 0.0003,
  "maker_fee": 0.0001,
  "base_fee": 0.1,
  "tick_size": 0.01,
  "contract_size": 1.0,
  "is_active": true,
  "timestamp": "2025-09-15T21:08:09.205929",
  "funding_data_points": 718
}