{
  "instrument_name": "XRP-PERP",
  "currency": "XRP",
  "mark_price": 2.9918282520438493,
  "index_price": 2.99296,
  "best_bid": 2.98966,
  "best_ask": 3.00091,
  "spread": 0.011249999999999982,
  "spread_pct": 0.3760242584885885,
  "execution_prices": {
    "buy_small": 3.00091,
    "sell_small": 2.98966,
    "buy_medium": 3.0037225000000003,
    "sell_medium": 2.9868475,
    "buy_large": 3.0065350000000004,
    "sell_large": 2.9840350000000004
  },
  "funding_rate": 1.25e-05,
  "funding_rate_8h": 0.0001,
  "premium_index": -0.0003781366794580569,
  "interest_rate_8h": 0.0001,
  "funding_interval_hours": 1.0,
  "avg_funding_rate": 1.2500000000000002e-05,
  "funding_rate_std": 1.6940658945086007e-21,
  "funding_rate_min": 1.25e-05,
  "funding_rate_max": 1.25e-05,
  "funding_rate_percentiles": {
    "5": 1.25e-05,
    "25": 1.25e-05,
    "50": 1.25e-05,
    "75": 1.25e-05,
    "95": 1.25e-05
  },
  "taker_fee": 0.0003,
  "maker_fee": 0.0001,
  "base_fee": 0.1,
  "tick_size": 1e-05,
  "contract_size": 1.0,
  "is_active": true,
  "timestamp": "2025-09-15T21:08:05.357366",
  "funding_data_points": 682
}