{
  "instrument_name": "ETH-PERP",
  "currency": "ETH",
  "mark_price": 4506.944919754709,
  "index_price": 4507.74,
  "best_bid": 4505.91,
  "best_ask": 4507.8,
  "spread": 1.8900000000003274,
  "spread_pct": 0.04193528063136815,
  "execution_prices": {
    "buy_small": 4507.8,
    "sell_small": 4505.91,
    "buy_medium": 4508.2725,
    "sell_medium": 4505.4375,
    "buy_large": 4508.745000000001,
    "sell_large": 4504.965
  },
  "funding_rate": 1.25e-05,
  "funding_rate_8h": 0.0001,
  "premium_index": -0.00017638112342118043,
  "interest_rate_8h": 0.0001,
  "funding_interval_hours": 1.0,
  "avg_funding_rate": 6.704980555555558e-06,
  "funding_rate_std": 1.704658307109146e-05,
  "funding_rate_min": -0.000143754,
  "funding_rate_max": 0.000109591,
  "funding_rate_percentiles": {
    "5": -2.7827449999999997e-05,
    "25": 1.25e-05,
    "50": 1.25e-05,
    "75": 1.25e-05,
    "95": 1.25e-05
  },
  "taker_fee": 0.0003,
  "maker_fee": 0.0001,
  "base_fee": 0.1,
  "tick_size": 0.01,
  "contract_size": 1.0,
  "is_active": true,
  "timestamp": "2025-09-15T16:29:00.034205",
  "funding_data_points": 720
}