{
  "instrument_name": "SOL-PERP",
  "currency": "SOL",
  "mark_price": 233.10632822476856,
  "index_price": 233.6,
  "best_bid": 231.67,
  "best_ask": 234.24,
  "spread": 2.5700000000000216,
  "spread_pct": 1.1025011717064779,
  "execution_prices": {
    "buy_small": 234.24,
    "sell_small": 231.67,
    "buy_medium": 234.88250000000002,
    "sell_medium": 231.02749999999997,
    "buy_large": 235.52500000000003,
    "sell_large": 230.385
  },
  "funding_rate": 1.25e-05,
  "funding_rate_8h": 0.0001,
  "premium_index": -0.0021133209556140143,
  "interest_rate_8h": 0.0001,
  "funding_interval_hours": 1.0,
  "avg_funding_rate": 1.2108925977653634e-05,
  "funding_rate_std": 1.0908810054153171e-05,
  "funding_rate_min": -0.000279465,
  "funding_rate_max": 1.8478e-05,
  "funding_rate_percentiles": {
    "5": 1.25e-05,
    "25": 1.25e-05,
    "50": 1.25e-05,
    "75": 1.25e-05,
    "95": 1.25e-05
  },
  "taker_fee": 0.0003,
  "maker_fee": 0.0001,
  "base_fee": 0.1,
  "tick_size": 0.01,
  "contract_size": 1.0,
  "is_active": true,
  "timestamp": "2025-09-15T16:28:53.108114",
  "funding_data_points": 716
}