{
  "instrument_name": "XRP-PERP",
  "currency": "XRP",
  "mark_price": 2.9925155810008994,
  "index_price": 2.99185,
  "best_bid": 2.98964,
  "best_ask": 2.99968,
  "spread": 0.010040000000000049,
  "spread_pct": 0.3355036833807226,
  "execution_prices": {
    "buy_small": 2.99968,
    "sell_small": 2.98964,
    "buy_medium": 3.00219,
    "sell_medium": 2.98713,
    "buy_large": 3.0047,
    "sell_large": 2.98462
  },
  "funding_rate": 1.25e-05,
  "funding_rate_8h": 0.0001,
  "premium_index": 0.00022246469605746575,
  "interest_rate_8h": 0.0001,
  "funding_interval_hours": 1.0,
  "avg_funding_rate": 1.2500000000000002e-05,
  "funding_rate_std": 1.6940658945086007e-21,
  "funding_rate_min": 1.25e-05,
  "funding_rate_max": 1.25e-05,
  "funding_rate_percentiles": {
    "5": 1.25e-05,
    "25": 1.25e-05,
    "50": 1.25e-05,
    "75": 1.25e-05,
    "95": 1.25e-05
  },
  "taker_fee": 0.0003,
  "maker_fee": 0.0001,
  "base_fee": 0.1,
  "tick_size": 1e-05,
  "contract_size": 1.0,
  "is_active": true,
  "timestamp": "2025-09-15T16:28:57.150780",
  "funding_data_points": 682
}