{
  "instrument_name": "BTC-PERP",
  "currency": "BTC",
  "mark_price": 114879.70148700985,
  "index_price": 114909.7,
  "best_bid": 114873.0,
  "best_ask": 114922.6,
  "spread": 49.60000000000582,
  "spread_pct": 0.0431755996559709,
  "execution_prices": {
    "buy_small": 114922.6,
    "sell_small": 114873.0,
    "buy_medium": 114935.0,
    "sell_medium": 114860.6,
    "buy_large": 114947.40000000001,
    "sell_large": 114848.2
  },
  "funding_rate": 1.25e-05,
  "funding_rate_8h": 0.0001,
  "premium_index": -0.0002610616248249451,
  "interest_rate_8h": 0.0001,
  "funding_interval_hours": 1.0,
  "avg_funding_rate": 2.3553222531293468e-05,
  "funding_rate_std": 2.123544152790592e-05,
  "funding_rate_min": 1.25e-05,
  "funding_rate_max": 0.000154719,
  "funding_rate_percentiles": {
    "5": 1.25e-05,
    "25": 1.25e-05,
    "50": 1.2589e-05,
    "75": 2.793e-05,
    "95": 5.687980000000001e-05
  },
  "taker_fee": 0.0003,
  "maker_fee": 0.0001,
  "base_fee": 0.1,
  "tick_size": 0.1,
  "contract_size": 1.0,
  "is_active": true,
  "timestamp": "2025-09-14T21:23:30.301979",
  "funding_data_points": 719
}