{
  "instrument_name": "ETH-PERP",
  "currency": "ETH",
  "mark_price": 4579.896719483364,
  "index_price": 4584.64,
  "best_bid": 4580.47,
  "best_ask": 4582.47,
  "spread": 2.0,
  "spread_pct": 0.04366910702356647,
  "execution_prices": {
    "buy_small": 4582.47,
    "sell_small": 4580.47,
    "buy_medium": 4582.97,
    "sell_medium": 4579.97,
    "buy_large": 4583.47,
    "sell_large": 4579.47
  },
  "funding_rate": -3.3955033918536e-05,
  "funding_rate_8h": -0.000271640271348288,
  "premium_index": -0.001034602611467058,
  "interest_rate_8h": 0.0001,
  "funding_interval_hours": 1.0,
  "avg_funding_rate": 6.728718446601943e-06,
  "funding_rate_std": 1.7094453627526102e-05,
  "funding_rate_min": -0.000143754,
  "funding_rate_max": 0.000109591,
  "funding_rate_percentiles": {
    "5": -2.7988e-05,
    "25": 1.25e-05,
    "50": 1.25e-05,
    "75": 1.25e-05,
    "95": 1.25e-05
  },
  "taker_fee": 0.0003,
  "maker_fee": 0.0001,
  "base_fee": 0.1,
  "tick_size": 0.01,
  "contract_size": 1.0,
  "is_active": true,
  "timestamp": "2025-09-14T21:23:27.232018",
  "funding_data_points": 721
}