{
  "instrument_name": "SOL-PERP",
  "currency": "SOL",
  "mark_price": 239.71012166175808,
  "index_price": 239.49,
  "best_bid": 239.55,
  "best_ask": 239.87,
  "spread": 0.3199999999999932,
  "spread_pct": 0.1334945716024156,
  "execution_prices": {
    "buy_small": 239.87,
    "sell_small": 239.55,
    "buy_medium": 239.95,
    "sell_medium": 239.47000000000003,
    "buy_large": 240.03,
    "sell_large": 239.39000000000001
  },
  "funding_rate": 1.25e-05,
  "funding_rate_8h": 0.0001,
  "premium_index": 0.0009191267349704423,
  "interest_rate_8h": 0.0001,
  "funding_interval_hours": 1.0,
  "avg_funding_rate": 1.2108379020979022e-05,
  "funding_rate_std": 1.0916426116309616e-05,
  "funding_rate_min": -0.000279465,
  "funding_rate_max": 1.8478e-05,
  "funding_rate_percentiles": {
    "5": 1.25e-05,
    "25": 1.25e-05,
    "50": 1.25e-05,
    "75": 1.25e-05,
    "95": 1.25e-05
  },
  "taker_fee": 0.0003,
  "maker_fee": 0.0001,
  "base_fee": 0.1,
  "tick_size": 0.01,
  "contract_size": 1.0,
  "is_active": true,
  "timestamp": "2025-09-14T21:23:24.668655",
  "funding_data_points": 715
}